{
  "tp": 71,
  "fp": 0,
  "fn": 1,
  "tn": 72,
  "precision": 1.0,
  "recall": 0.9861111111111112,
  "f1_score": 0.993006993006993,
  "accuracy": 0.9930555555555556,
  "roc_auc": 1.0,
  "pr_auc": 0.9999999999999998,
  "metadata": {
    "checkpoint": "models/v1.0/best_model.pt",
    "dataset": "data/dataset1028/val"
  }
}