{
  "true_positives": 514,
  "false_positives": 0,
  "false_negatives": 8,
  "true_negatives": 522,
  "precision": 1.0,
  "recall": 0.9846743295019157,
  "f1_score": 0.9922779922779923,
  "accuracy": 0.9923371647509579,
  "roc_auc": 0.9999926601194933,
  "pr_auc": 0.999992681143993,
  "metadata": {
    "checkpoint": "models/v1.0/best_model.pt",
    "dataset": "data/training_dataset/val"
  }
}